set DATEFORMAT dmy

CREATE TABLE HOTELS (
	hotel_id integer NOT NULL PRIMARY KEY,
	hotel_name varchar(100) NOT NULL,
	stars integer NOT NULL,
	resept_start_time time NOT NULL,
	resept_end_time time NOT NULL,
	email varchar(320),
	phone_number varchar(20),
	web_site varchar(320));


CREATE TABLE ADDRESS (
	addr_id integer NOT NULL PRIMARY KEY,
	locality_id integer NOT NULL,
	street varchar(50) NOT NULL,
	building integer NOT NULL,
	zip integer NOT NULL);


CREATE TABLE SUITE (
	suite_id integer NOT NULL PRIMARY KEY,
	suite_number integer NOT NULL,
	hotel_id integer NOT NULL,
	max_capacity integer NOT NULL,
	status varchar(10) NOT NULL);



CREATE TABLE FACILITIES (
	facility_id integer NOT NULL PRIMARY KEY,
	hotel_id integer NOT NULL,
	name varchar(30) NOT NULL,
	price integer NOT NULL);



CREATE TABLE PRICE (
	price_id integer NOT NULL PRIMARY KEY,
	suite_id integer,
	price integer NOT NULL,
	discount integer,
	start_date date NOT NULL,
	end_date datetime);


CREATE TABLE REVIEW (
	review_id integer NOT NULL PRIMARY KEY,
	traveler_id integer NOT NULL,
	hotel_id integer,
	rating integer NOT NULL,
	review varchar(300) NOT NULL,
	review_date datetime NOT NULL);


CREATE TABLE LOCALITY (
	locality_id integer NOT NULL PRIMARY KEY,
	name varchar(30) NOT NULL,
	type integer NOT NULL,
	country_id integer NOT NULL);


CREATE TABLE COUNTRY (
	country_id integer NOT NULL PRIMARY KEY,
	name varchar(30) NOT NULL);


CREATE TABLE LOCALITY_TYPE (
	type_id integer NOT NULL PRIMARY KEY,
	name varchar(30) NOT NULL);


CREATE TABLE TRAVELER (
	traveler_id integer NOT NULL PRIMARY KEY,
	nickname varchar(30) NOT NULL UNIQUE,
	first_name varchar(30),
	second_name varchar(30),
	age date,
	email varchar(320) NOT NULL,
	sign_in_date date NOT NULL);


CREATE TABLE SUBSCRIBTION_POOL (
	subscribtion_id integer NOT NULL PRIMARY KEY,
	traveler_id integer NOT NULL,
	subscr_id integer NOT NULL);


CREATE TABLE COMMENTS (
	comment_id integer NOT NULL PRIMARY KEY,
	traveler_id integer NOT NULL,
	comment varchar(300) NOT NULL,
	comment_date date NOT NULL,
	review_id integer NOT NULL);


ALTER TABLE HOTELS ADD
	FOREIGN KEY (hotel_id)
	REFERENCES ADDRESS (addr_id)

ALTER TABLE FACILITIES ADD
	FOREIGN KEY (hotel_id)
	REFERENCES HOTELS (hotel_id)

ALTER TABLE SUITE ADD
	FOREIGN KEY (hotel_id)
	REFERENCES HOTELS (hotel_id)

ALTER TABLE PRICE ADD
	FOREIGN KEY (suite_id)
	REFERENCES SUITE (suite_id)

ALTER TABLE ADDRESS ADD
	FOREIGN KEY (locality_id)
	REFERENCES LOCALITY (locality_id)

ALTER TABLE LOCALITY ADD
	FOREIGN KEY (type)
	REFERENCES LOCALITY_TYPE (type_id),
	FOREIGN KEY (country_id)
	REFERENCES COUNTRY (country_id)


ALTER TABLE REVIEW ADD
	FOREIGN KEY (hotel_id)
	REFERENCES HOTELS (hotel_id),
	FOREIGN KEY (traveler_id)
	REFERENCES TRAVELER (traveler_id)

ALTER TABLE COMMENTS ADD
	FOREIGN KEY (traveler_id)
	REFERENCES TRAVELER (traveler_id),
	FOREIGN KEY (review_id)
	REFERENCES REVIEW (review_id)

ALTER TABLE SUBSCRIBTION_POOL ADD
	FOREIGN KEY (traveler_id)
	REFERENCES TRAVELER (traveler_id),
	FOREIGN KEY (subscr_id)
	REFERENCES TRAVELER (traveler_id)



INSERT INTO COUNTRY VALUES (1, 'Austria');
INSERT INTO COUNTRY VALUES (2, 'Czech');
INSERT INTO COUNTRY VALUES (3, 'France');
INSERT INTO COUNTRY VALUES (4, 'Germany');
INSERT INTO COUNTRY VALUES (5, 'Italy');
INSERT INTO COUNTRY VALUES (6, 'Romania');
INSERT INTO COUNTRY VALUES (7, 'Great Britain');
INSERT INTO COUNTRY VALUES (8, 'Russia');

INSERT INTO LOCALITY_TYPE VALUES (10, 'City');
INSERT INTO LOCALITY_TYPE VALUES (11, 'Town');
INSERT INTO LOCALITY_TYPE VALUES (12, 'Vilage');
INSERT INTO LOCALITY_TYPE VALUES (13, 'Sea resort');

INSERT INTO LOCALITY VALUES (100, 'Vienna', 10, 1);
INSERT INTO LOCALITY VALUES (101, 'Salzburg', 11, 1);
INSERT INTO LOCALITY VALUES (102, 'Prague', 10, 2);
INSERT INTO LOCALITY VALUES (103, 'Brno', 11, 2);
INSERT INTO LOCALITY VALUES (104, 'Paris', 10, 3);
INSERT INTO LOCALITY VALUES (105, 'Marseilles', 10, 3);
INSERT INTO LOCALITY VALUES (106, 'Bordeaux', 11, 3);
INSERT INTO LOCALITY VALUES (107, 'Berlin', 10, 4);
INSERT INTO LOCALITY VALUES (108, 'Munchen', 10, 4);
INSERT INTO LOCALITY VALUES (109, 'Bremen', 11, 4);
INSERT INTO LOCALITY VALUES (110, 'Roma', 10, 5);
INSERT INTO LOCALITY VALUES (111, 'Agrigento', 13, 5);
INSERT INTO LOCALITY VALUES (112, 'Venezia', 11, 5);
INSERT INTO LOCALITY VALUES (113, 'Bucharest', 10, 6);
INSERT INTO LOCALITY VALUES (114, 'Bran', 12, 6);
INSERT INTO LOCALITY VALUES (115, 'London', 10, 7);
INSERT INTO LOCALITY VALUES (116, 'Bryton', 13, 7);
INSERT INTO LOCALITY VALUES (117, 'Cambridge', 11, 7);
INSERT INTO LOCALITY VALUES (118, 'Moscow', 10, 8);
INSERT INTO LOCALITY VALUES (119, 'Malinovka', 12, 8);


INSERT INTO ADDRESS VALUES (1000, 100, 'Schottenring', 3, 120032);
INSERT INTO ADDRESS VALUES (1001, 100, 'Papagai', 23, 120031);
INSERT INTO ADDRESS VALUES (1002, 100, 'Mariahilfer Gurtel', 22, 120032);
INSERT INTO ADDRESS VALUES (1003, 101, 'Nageinell', 10, 120122);
INSERT INTO ADDRESS VALUES (1004, 101, 'Grosse Strasse', 40, 120122);
INSERT INTO ADDRESS VALUES (1006, 102, 'Curvuk', 18, 142996);
INSERT INTO ADDRESS VALUES (1007, 102, 'Kurkoviz', 5, 142990);
INSERT INTO ADDRESS VALUES (1008, 103, 'Jorgan-Bartilis', 10, 142991);
INSERT INTO ADDRESS VALUES (1009, 104, 'Rue de Sèze', 6, 153667);
INSERT INTO ADDRESS VALUES (1010, 104, 'General de Larminat', 24, 153664);
INSERT INTO ADDRESS VALUES (1011, 104, 'Mont Thabor', 42, 153664);
INSERT INTO ADDRESS VALUES (1012, 105, 'Saint Menet', 25, 153243);
INSERT INTO ADDRESS VALUES (1013, 105, 'Vicont Anaret', 13, 153242);
INSERT INTO ADDRESS VALUES (1015, 106, 'Aralia', 13, 153335);
INSERT INTO ADDRESS VALUES (1016, 107, 'Soho', 65, 15334);
INSERT INTO ADDRESS VALUES (1017, 107, 'Sant Scheise', 14, 235512);
INSERT INTO ADDRESS VALUES (1018, 107, 'Auflodern', 26, 235512);
INSERT INTO ADDRESS VALUES (1019, 108, 'Schwezritten', 54, 235540);
INSERT INTO ADDRESS VALUES (1020, 108, 'Klaus Vergen', 3, 235642);
INSERT INTO ADDRESS VALUES (1021, 109, 'Margisch', 14, 235664);
INSERT INTO ADDRESS VALUES (1022, 109, 'Jungerschafte', 36, 235663);
INSERT INTO ADDRESS VALUES (1023, 110, 'Kervel Laas', 2, 235132);
INSERT INTO ADDRESS VALUES (1024, 110, 'Buritto', 4, 235152);
INSERT INTO ADDRESS VALUES (1026, 111, 'Pazzerolli', 31, 235643);
INSERT INTO ADDRESS VALUES (1027, 111, 'Borgia', 23, 235643);
INSERT INTO ADDRESS VALUES (1028, 112, 'Flaurez MSC', 12, 235415);
INSERT INTO ADDRESS VALUES (1029, 112, 'Medichi', 20, 235415);
INSERT INTO ADDRESS VALUES (1030, 113, 'Czar Romasch', 13, 642221);
INSERT INTO ADDRESS VALUES (1031, 113, 'Rakamas', 21, 642224);
INSERT INTO ADDRESS VALUES (1032, 114, 'Dr Cepes', 11, 642367);
INSERT INTO ADDRESS VALUES (1033, 115, 'Kings Circle', 35, 777234);
INSERT INTO ADDRESS VALUES (1034, 115, 'Tall Johnothan', 16, 777260);
INSERT INTO ADDRESS VALUES (1035, 115, 'Trafalgar', 52, 777256);
INSERT INTO ADDRESS VALUES (1036, 116, 'Vet Ladders', 2, 777511);
INSERT INTO ADDRESS VALUES (1037, 117, 'Bookery Square', 1, 777142);
INSERT INTO ADDRESS VALUES (1038, 117, 'Studying Student', 143, 777142);
INSERT INTO ADDRESS VALUES (1039, 118, 'Tverskaya', 112, 534434);
INSERT INTO ADDRESS VALUES (1040, 118, 'Timiryazevskaya', 32, 534434);
INSERT INTO ADDRESS VALUES (1041, 119, 'Bobroviy Les', 66, 534666);


INSERT INTO HOTELS VALUES (1000, 'Pentahotel Vienna', 5, '07:00', '23:30', 'pentahotelvienna@amail.at', '777-123-142-31-54', NULL);
INSERT INTO HOTELS VALUES (1001, 'Hotel ibis Wien Mariahilf', 5, '08:00', '23:00', 'hotelibiswienmariahilf@amail.at', '777-143-532-30-34', 'hiwm.at');
INSERT INTO HOTELS VALUES (1002, 'Pension Schoenbrunn', 4, '09:00', '23:00', 'pensionschoenbrunn@amail.at', '777-115-132-35-64', NULL);
INSERT INTO HOTELS VALUES (1003, 'Hotel Sacher Salzburg', 5, '08:30', '23:00', 'hotelsachersalzburg@amail.at', '777-113-154-42-35', NULL);
INSERT INTO HOTELS VALUES (1004, 'Hotel Sonnblick', 4, '08:00', '23:00', 'hotelsonnblick@amail.at', '777-134-232-01-04', 'hsonn.at');
INSERT INTO HOTELS VALUES (1006, 'Red & Blue', 3, '09:00', '23:00', 'rb@cmail.cz', '555-312-142-24-53', 'rnb.cz');
INSERT INTO HOTELS VALUES (1007, 'Grandhotel Brno', 4, '09:00', '23:00', 'grandhotelbrno@cmail.cz', '555-346-234-24-13', NULL);
INSERT INTO HOTELS VALUES (1008, 'Orea Hotel Voronez', 3, '08:30', '22:00', 'oreahotelvoronez@cmail.cz', '555-532-432-21-33', NULL);
INSERT INTO HOTELS VALUES (1009, 'Renaissance Paris Vendom', 5, '09:30', '23:30', 'renaissanceparisvendom@fmail.fr', '876-123-142-31-54', 'repaven.fr');
INSERT INTO HOTELS VALUES (1010, 'Hotel Edouard 7', 5, '10:30', '23:00', 'hoteledouard7@fmail.fr', '876-131-112-11-44', 'he7.fr');
INSERT INTO HOTELS VALUES (1011, 'Mercure Paris Centre Tour Eiffel', 4, '06:30', '23:00', 'mercurepariscentretoureiffel@fmail.fr', '876-123-142-31-04', NULL);
INSERT INTO HOTELS VALUES (1012, 'Suite Novotel Marseille Centre Euromed', 5, '08:30', '22:00', 'suitenovotelmarseillecentreeuromed@fmail.fr', '876-143-142-52-55', 'suitemare.fr');
INSERT INTO HOTELS VALUES (1013, 'Residence du Vieux Port', 4, '09:30', '23:00', 'residenceduvieuxport@fmail.fr', '876-122-342-31-34', 'residenceduvieux.fr');
INSERT INTO HOTELS VALUES (1015, 'Holiday Inn Bordeaux Sud Pessac', 4, '08:00', '22:00', 'holidayinnbordeauxsudpessac@fmail.fr', '876-154-142-30-44', NULL);
INSERT INTO HOTELS VALUES (1016, 'Arena Hotel', 4, '08:30', '23:00', 'arenahotel@gemail.ge', '431-145-442-23-72', NULL);
INSERT INTO HOTELS VALUES (1017, 'Park Plaza Berlin Kudamm', 5, '08:00', '23:00', 'parkplazaberlinkudamm@gemail.ge', '431-125-152-65-26', 'parkberlin.ge');
INSERT INTO HOTELS VALUES (1018, 'i31 Hotel', 3, '07:00', '21:00', 'i31hotel@gemail.ge', '431-265-102-31-37', 'i31.ge');
INSERT INTO HOTELS VALUES (1019, 'Mercure Hotel Munchen Neuperlach Sud', 4, '07:00', '21:00', 'mercurehotelmunchenneuperlachsud@gemail.ge', '431-245-146-11-12', 'mhmns.ge');
INSERT INTO HOTELS VALUES (1020, 'Leonardo Hotel & Residence Munich', 4, '08:00', '22:00', 'leonardohotelnresidencemunich@gemail.ge', '431-245-144-23-04', NULL);
INSERT INTO HOTELS VALUES (1021, 'Ramada Uberseehotel Bremen', 4, '08:30', '23:00', 'ramadauberseehotelbremen@gemail.ge', '431-263-242-34-64', NULL);
INSERT INTO HOTELS VALUES (1022, 'Motel 24h Bremen', 3, '04:00', '23:50', 'motel24hbremen@gemail.ge', '431-323-762-01-21', NULL);
INSERT INTO HOTELS VALUES (1023, 'Hotel Gregoriana', 5, '07:00', '23:00', 'hotelgregoriana@imail.it', '265-452-145-01-62', 'gregoriana.it');
INSERT INTO HOTELS VALUES (1024, 'Barocco Hotel', 4, '08:00', '23:00', 'baroccohotel.it', '265-245-111-33-47', NULL);
INSERT INTO HOTELS VALUES (1026, 'Hotel Costazzurra', 5, '09:00', '22:00', 'hotelcostazzurra@imail.it', '265-124-125-15-25', 'hcostazzurra.it');
INSERT INTO HOTELS VALUES (1027, 'Baia di Ulisse Wellness & SPA', 4, '08:30', '23:30', 'baiadiulisse@imail.it', '265-245-152-55-57', NULL);
INSERT INTO HOTELS VALUES (1028, 'Carnival Palace Hotel', 5, '08:00', '22:30', 'carnivalpalacehotel@imail.it', '265-126-232-33-54', 'cph.it');
INSERT INTO HOTELS VALUES (1029, 'Arlecchino Hotel', 3, '08:40', '22:00', NULL, '265-114-102-65-51', NULL);
INSERT INTO HOTELS VALUES (1030, 'Tempo Hotel', 4, '09:00', '23:00', 'tempohotel@rmail.ro', '845-452-042-54-54', NULL);
INSERT INTO HOTELS VALUES (1031, 'Hello Hotel', 5, '07:00', '23:00', 'hellohotel@rmail.ro', '845-314-155-12-15', 'hello_hotel.ro');
INSERT INTO HOTELS VALUES (1032, 'Pensiunea Ana', 3, '08:00', '22:00', 'pensiuneaana@rmail.ro', '845-314-125-62-12', NULL);
INSERT INTO HOTELS VALUES (1033, 'London Bridge Hotel', 5, '08:00', '23:00', 'londonbridgehotel@umail.uk', '444-453-636-56-32', 'london_bridge.uk');
INSERT INTO HOTELS VALUES (1034, 'Scotland Yard', 2, '03:00', '23:59', 'police@umail.uk', '444-453-277-67-04', 'rolloff.uk');
INSERT INTO HOTELS VALUES (1035, 'Devonport House', 4, '07:00', '23:00', 'devonporthouse@umail.uk', '444-245-185-31-54', 'dh.uk');
INSERT INTO HOTELS VALUES (1036, 'Jurys Inn Brighton', 4, '07:00', '23:00', 'jurysinnbrighton@umail.uk', '444-154-126-24-55', NULL);
INSERT INTO HOTELS VALUES (1037, 'Premier Inn Cambridge North (Girton) Hotel', 4, '07:30', '23:30', 'premierinncambridge@umail.uk', '444-653-477-31-22', 'picambridge.uk');
INSERT INTO HOTELS VALUES (1038, 'Premier Inn Cambridge (A14, J32) Hotel', 3, '08:20', '23:00', 'premierinncambridge@umail.uk', '444-653-092-67-13', 'picambridge.uk');
INSERT INTO HOTELS VALUES (1039, 'Metropolle', 5, '10:00', '21:00', 'metropolle@mail.ru', '8-915-142-30-76', 'metropolle_russia.ru');
INSERT INTO HOTELS VALUES (1040, 'Crowne Plaza Moscow World Trade Centre', 4, '09:00', '23:00', 'crowneplazamoscowwtc@mail.ru', '8-915-142-61-63', 'wtc_moscow.com');
INSERT INTO HOTELS VALUES (1041, 'Babushka Yaga Premium Appartaments', 2, '01:00', '23:59', NULL, '8-666-666-66-66', NULL);



INSERT INTO FACILITIES VALUES (2000, 1000, 'internet', 100);
INSERT INTO FACILITIES VALUES (2001, 1000, 'SPA', 500);
INSERT INTO FACILITIES VALUES (2002, 1000, 'parking', 140);
INSERT INTO FACILITIES VALUES (2003, 1000, 'swimming pool', 200);
INSERT INTO FACILITIES VALUES (2004, 1000, 'breakfast', 200);
INSERT INTO FACILITIES VALUES (2005, 1000, 'live music', 1000);
INSERT INTO FACILITIES VALUES (2006, 1000, 'room cleaning', 210);

INSERT INTO FACILITIES VALUES (2007, 1001, 'internet', 100);
INSERT INTO FACILITIES VALUES (2008, 1001, 'SPA', 400);
INSERT INTO FACILITIES VALUES (2009, 1001, 'parking', 140);
INSERT INTO FACILITIES VALUES (2010, 1001, 'swimming pool', 150);
INSERT INTO FACILITIES VALUES (2011, 1001, 'breakfast', 100);
INSERT INTO FACILITIES VALUES (2012, 1001, 'room cleaning', 100);

INSERT INTO FACILITIES VALUES (2013, 1002, 'internet', 200);
INSERT INTO FACILITIES VALUES (2014, 1002, 'SPA', 400);
INSERT INTO FACILITIES VALUES (2015, 1002, 'parking', 140);
INSERT INTO FACILITIES VALUES (2016, 1002, 'live music', 1000);
INSERT INTO FACILITIES VALUES (2017, 1002, 'room cleaning', 200);

INSERT INTO FACILITIES VALUES (2018, 1003, 'internet', 00);
INSERT INTO FACILITIES VALUES (2019, 1003, 'SPA', 550);
INSERT INTO FACILITIES VALUES (2020, 1003, 'parking', 170);
INSERT INTO FACILITIES VALUES (2021, 1003, 'swimming pool', 100);
INSERT INTO FACILITIES VALUES (2022, 1003, 'breakfast', 200);
INSERT INTO FACILITIES VALUES (2023, 1003, 'room cleaning', 100);

INSERT INTO FACILITIES VALUES (2024, 1004, 'internet', 100);
INSERT INTO FACILITIES VALUES (2025, 1004, 'SPA', 500);
INSERT INTO FACILITIES VALUES (2026, 1004, 'parking', 140);
INSERT INTO FACILITIES VALUES (2027, 1004, 'swimming pool', 200);
INSERT INTO FACILITIES VALUES (2028, 1004, 'breakfast', 200);
INSERT INTO FACILITIES VALUES (2029, 1004, 'live music', 1000);
INSERT INTO FACILITIES VALUES (2030, 1004, 'room cleaning', 200);

INSERT INTO FACILITIES VALUES (2037, 1006, 'internet', 100);
INSERT INTO FACILITIES VALUES (2038, 1006, 'parking', 140);
INSERT INTO FACILITIES VALUES (2039, 1006, 'swimming pool', 200);
INSERT INTO FACILITIES VALUES (2040, 1006, 'breakfast', 200);

INSERT INTO FACILITIES VALUES (2041, 1007, 'internet', 100);
INSERT INTO FACILITIES VALUES (2042, 1007, 'parking', 140);
INSERT INTO FACILITIES VALUES (2043, 1007, 'breakfast', 200);
INSERT INTO FACILITIES VALUES (2044, 1007, 'room cleaning', 200);

INSERT INTO FACILITIES VALUES (2045, 1008, 'internet', 100);
INSERT INTO FACILITIES VALUES (2046, 1008, 'parking', 140);
INSERT INTO FACILITIES VALUES (2047, 1008, 'breakfast', 200);

INSERT INTO FACILITIES VALUES (2048, 1009, 'internet', 100);
INSERT INTO FACILITIES VALUES (2049, 1009, 'SPA', 500);
INSERT INTO FACILITIES VALUES (2050, 1009, 'parking', 140);
INSERT INTO FACILITIES VALUES (2051, 1009, 'swimming pool', 200);
INSERT INTO FACILITIES VALUES (2052, 1009, 'breakfast', 200);
INSERT INTO FACILITIES VALUES (2053, 1009, 'room cleaning', 200);

INSERT INTO FACILITIES VALUES (2054, 1010, 'internet', 100);
INSERT INTO FACILITIES VALUES (2055, 1010, 'parking', 140);
INSERT INTO FACILITIES VALUES (2056, 1010, 'swimming pool', 200);
INSERT INTO FACILITIES VALUES (2057, 1010, 'breakfast', 200);
INSERT INTO FACILITIES VALUES (2058, 1010, 'room cleaning', 200);

INSERT INTO FACILITIES VALUES (2059, 1011, 'internet', 100);
INSERT INTO FACILITIES VALUES (2060, 1011, 'SPA', 500);
INSERT INTO FACILITIES VALUES (2061, 1011, 'parking', 140);
INSERT INTO FACILITIES VALUES (2062, 1011, 'swimming pool', 200);
INSERT INTO FACILITIES VALUES (2063, 1011, 'breakfast', 200);

INSERT INTO FACILITIES VALUES (2064, 1012, 'internet', 100);
INSERT INTO FACILITIES VALUES (2065, 1012, 'SPA', 500);
INSERT INTO FACILITIES VALUES (2066, 1012, 'parking', 140);
INSERT INTO FACILITIES VALUES (2067, 1012, 'live music', 1000);
INSERT INTO FACILITIES VALUES (2068, 1012 , 'room cleaning', 200);

INSERT INTO FACILITIES VALUES (2069, 1013, 'internet', 100);
INSERT INTO FACILITIES VALUES (2070, 1013, 'SPA', 500);
INSERT INTO FACILITIES VALUES (2071, 1013, 'parking', 140);
INSERT INTO FACILITIES VALUES (2072, 1013, 'swimming pool', 200);
INSERT INTO FACILITIES VALUES (2073, 1013, 'breakfast', 200);

INSERT INTO FACILITIES VALUES (2080, 1015, 'internet', 100);
INSERT INTO FACILITIES VALUES (2081, 1015, 'SPA', 500);
INSERT INTO FACILITIES VALUES (2082, 1015, 'parking', 140);
INSERT INTO FACILITIES VALUES (2083, 1015, 'swimming pool', 200);
INSERT INTO FACILITIES VALUES (2084, 1015, 'breakfast', 200);

INSERT INTO FACILITIES VALUES (2085, 1016, 'internet', 100);
INSERT INTO FACILITIES VALUES (2086, 1016, 'parking', 140);
INSERT INTO FACILITIES VALUES (2087, 1016, 'swimming pool', 200);
INSERT INTO FACILITIES VALUES (2088, 1016, 'breakfast', 200);
INSERT INTO FACILITIES VALUES (2089, 1016, 'room cleaning', 200);

INSERT INTO FACILITIES VALUES (2091, 1017, 'internet', 100);
INSERT INTO FACILITIES VALUES (2092, 1017, 'SPA', 500);
INSERT INTO FACILITIES VALUES (2093, 1017, 'parking', 140);
INSERT INTO FACILITIES VALUES (2094, 1017, 'swimming pool', 200);
INSERT INTO FACILITIES VALUES (2095, 1017, 'breakfast', 200);
INSERT INTO FACILITIES VALUES (2096, 1017, 'live music', 1000);
INSERT INTO FACILITIES VALUES (2097, 1017, 'room cleaning', 200);

INSERT INTO FACILITIES VALUES (2098, 1018, 'internet', 100);
INSERT INTO FACILITIES VALUES (2099, 1018, 'parking', 140);
INSERT INTO FACILITIES VALUES (2100, 1018, 'breakfast', 200);
INSERT INTO FACILITIES VALUES (2101, 1018, 'room cleaning', 200);

INSERT INTO FACILITIES VALUES (2102, 1019, 'internet', 100);
INSERT INTO FACILITIES VALUES (2103, 1019, 'SPA', 500);
INSERT INTO FACILITIES VALUES (2104, 1019, 'parking', 140);
INSERT INTO FACILITIES VALUES (2105, 1019, 'swimming pool', 200);
INSERT INTO FACILITIES VALUES (2106, 1019, 'breakfast', 200);
INSERT INTO FACILITIES VALUES (2107, 1019, 'live music', 1000);
INSERT INTO FACILITIES VALUES (2108, 1019, 'room cleaning', 200);

INSERT INTO FACILITIES VALUES (2109, 1020, 'internet', 100);
INSERT INTO FACILITIES VALUES (2110, 1020, 'SPA', 500);
INSERT INTO FACILITIES VALUES (2111, 1020, 'parking', 140);
INSERT INTO FACILITIES VALUES (2112, 1020, 'swimming pool', 200);
INSERT INTO FACILITIES VALUES (2113, 1020, 'breakfast', 200);
INSERT INTO FACILITIES VALUES (2114, 1020, 'room cleaning', 200);

INSERT INTO FACILITIES VALUES (2115, 1021, 'internet', 100);
INSERT INTO FACILITIES VALUES (2116, 1021, 'parking', 140);
INSERT INTO FACILITIES VALUES (2117, 1021, 'swimming pool', 200);
INSERT INTO FACILITIES VALUES (2118, 1021, 'breakfast', 200);
INSERT INTO FACILITIES VALUES (2119, 1021, 'room cleaning', 200);

INSERT INTO FACILITIES VALUES (2120, 1022, 'internet', 100);
INSERT INTO FACILITIES VALUES (2121, 1022, 'parking', 140);
INSERT INTO FACILITIES VALUES (2122, 1022, 'breakfast', 200);
INSERT INTO FACILITIES VALUES (2123, 1022, 'room cleaning', 200);

INSERT INTO FACILITIES VALUES (2124, 1023, 'internet', 100);
INSERT INTO FACILITIES VALUES (2125, 1023, 'SPA', 500);
INSERT INTO FACILITIES VALUES (2126, 1023, 'parking', 140);
INSERT INTO FACILITIES VALUES (2127, 1023, 'swimming pool', 200);
INSERT INTO FACILITIES VALUES (2128, 1023, 'breakfast', 200);
INSERT INTO FACILITIES VALUES (2129, 1023, 'live music', 1000);
INSERT INTO FACILITIES VALUES (2130, 1023, 'room cleaning', 200);

INSERT INTO FACILITIES VALUES (2131, 1024, 'internet', 100);
INSERT INTO FACILITIES VALUES (2132, 1024, 'parking', 140);
INSERT INTO FACILITIES VALUES (2133, 1024, 'swimming pool', 200);
INSERT INTO FACILITIES VALUES (2134, 1024, 'breakfast', 200);
INSERT INTO FACILITIES VALUES (2135, 1024, 'room cleaning', 200);

INSERT INTO FACILITIES VALUES (2141, 1026, 'internet', 100);
INSERT INTO FACILITIES VALUES (2142, 1026, 'parking', 140);
INSERT INTO FACILITIES VALUES (2143, 1026, 'swimming pool', 200);
INSERT INTO FACILITIES VALUES (2144, 1026, 'breakfast', 200);
INSERT INTO FACILITIES VALUES (2145, 1026, 'room cleaning', 200);

INSERT INTO FACILITIES VALUES (2146, 1027, 'internet', 100);
INSERT INTO FACILITIES VALUES (2147, 1027, 'SPA', 500);
INSERT INTO FACILITIES VALUES (2148, 1027, 'parking', 140);
INSERT INTO FACILITIES VALUES (2149, 1027, 'breakfast', 200);
INSERT INTO FACILITIES VALUES (2150, 1027, 'room cleaning', 200);

INSERT INTO FACILITIES VALUES (2151, 1028, 'internet', 100);
INSERT INTO FACILITIES VALUES (2152, 1028, 'SPA', 500);
INSERT INTO FACILITIES VALUES (2153, 1028, 'parking', 140);
INSERT INTO FACILITIES VALUES (2154, 1028, 'swimming pool', 200);
INSERT INTO FACILITIES VALUES (2155, 1028, 'breakfast', 200);
INSERT INTO FACILITIES VALUES (2156, 1028, 'live music', 1000);
INSERT INTO FACILITIES VALUES (2157, 1028, 'room cleaning', 200);

INSERT INTO FACILITIES VALUES (2158, 1029, 'internet', 100);
INSERT INTO FACILITIES VALUES (2159, 1029, 'parking', 140);

INSERT INTO FACILITIES VALUES (2160, 1030, 'internet', 100);
INSERT INTO FACILITIES VALUES (2161, 1030, 'SPA', 500);
INSERT INTO FACILITIES VALUES (2162, 1030, 'parking', 140);
INSERT INTO FACILITIES VALUES (2163, 1030, 'swimming pool', 200);
INSERT INTO FACILITIES VALUES (2164, 1030, 'breakfast', 200);
INSERT INTO FACILITIES VALUES (2165, 1030, 'room cleaning', 200);

INSERT INTO FACILITIES VALUES (2166, 1031, 'internet', 100);
INSERT INTO FACILITIES VALUES (2167, 1031, 'SPA', 500);
INSERT INTO FACILITIES VALUES (2168, 1031, 'parking', 140);
INSERT INTO FACILITIES VALUES (2169, 1031, 'swimming pool', 200);
INSERT INTO FACILITIES VALUES (2170, 1031, 'breakfast', 200);
INSERT INTO FACILITIES VALUES (2171, 1031, 'live music', 1000);
INSERT INTO FACILITIES VALUES (2172, 1031, 'room cleaning', 200);

INSERT INTO FACILITIES VALUES (2173, 1032, 'internet', 100);
INSERT INTO FACILITIES VALUES (2174, 1032, 'parking', 140);
INSERT INTO FACILITIES VALUES (2175, 1032, 'breakfast', 200);

INSERT INTO FACILITIES VALUES (2176, 1033, 'internet', 100);
INSERT INTO FACILITIES VALUES (2177, 1033, 'SPA', 500);
INSERT INTO FACILITIES VALUES (2178, 1033, 'parking', 140);
INSERT INTO FACILITIES VALUES (2179, 1033, 'swimming pool', 200);
INSERT INTO FACILITIES VALUES (2180, 1033, 'breakfast', 200);
INSERT INTO FACILITIES VALUES (2181, 1033, 'live music', 1000);
INSERT INTO FACILITIES VALUES (2182, 1033, 'room cleaning', 200);

INSERT INTO FACILITIES VALUES (2183, 1034, 'friendly staff', 100);

INSERT INTO FACILITIES VALUES (2184, 1035, 'internet', 200);
INSERT INTO FACILITIES VALUES (2185, 1035, 'SPA', 500);
INSERT INTO FACILITIES VALUES (2186, 1035, 'parking', 140);
INSERT INTO FACILITIES VALUES (2187, 1035, 'swimming pool', 200);
INSERT INTO FACILITIES VALUES (2188, 1035, 'breakfast', 200);
INSERT INTO FACILITIES VALUES (2189, 1035, 'room cleaning', 200);

INSERT INTO FACILITIES VALUES (2190, 1036, 'internet', 170);
INSERT INTO FACILITIES VALUES (2191, 1036, 'SPA', 500);
INSERT INTO FACILITIES VALUES (2192, 1036, 'parking', 140);
INSERT INTO FACILITIES VALUES (2193, 1036, 'swimming pool', 200);
INSERT INTO FACILITIES VALUES (2194, 1036, 'breakfast', 200);
INSERT INTO FACILITIES VALUES (2195, 1036, 'room cleaning', 200);

INSERT INTO FACILITIES VALUES (2196, 1037, 'internet', 120);
INSERT INTO FACILITIES VALUES (2197, 1037, 'SPA', 500);
INSERT INTO FACILITIES VALUES (2198, 1037, 'parking', 140);
INSERT INTO FACILITIES VALUES (2199, 1037, 'breakfast', 200);
INSERT INTO FACILITIES VALUES (2200, 1037, 'room cleaning', 200);

INSERT INTO FACILITIES VALUES (2201, 1038, 'internet', 130);
INSERT INTO FACILITIES VALUES (2202, 1038, 'parking', 140);
INSERT INTO FACILITIES VALUES (2203, 1038, 'breakfast', 200);

INSERT INTO FACILITIES VALUES (2204, 1039, 'internet', 150);
INSERT INTO FACILITIES VALUES (2205, 1039, 'SPA', 500);
INSERT INTO FACILITIES VALUES (2206, 1039, 'parking', 140);
INSERT INTO FACILITIES VALUES (2207, 1039, 'swimming pool', 200);
INSERT INTO FACILITIES VALUES (2208, 1039, 'breakfast', 200);
INSERT INTO FACILITIES VALUES (2209, 1039, 'live music', 1000);
INSERT INTO FACILITIES VALUES (2210, 1039, 'room cleaning', 200);

INSERT INTO FACILITIES VALUES (2211, 1040, 'internet', 100);
INSERT INTO FACILITIES VALUES (2212, 1040, 'SPA', 400);
INSERT INTO FACILITIES VALUES (2213, 1040, 'parking', 100);
INSERT INTO FACILITIES VALUES (2214, 1040, 'swimming pool', 100);
INSERT INTO FACILITIES VALUES (2215, 1040, 'breakfast', 220);
INSERT INTO FACILITIES VALUES (2216, 1040, 'live music', 1020);
INSERT INTO FACILITIES VALUES (2217, 1040, 'room cleaning', 300);

INSERT INTO FACILITIES VALUES (2218, 1041, 'mystery', 40);
INSERT INTO FACILITIES VALUES (2219, 1041, 'live music', 30);


INSERT INTO SUITE VALUES (10000, 100, 1000, 5, 'free');
INSERT INTO SUITE VALUES (10001, 101, 1000, 3, 'free');
INSERT INTO SUITE VALUES (10002, 102, 1000, 5, 'full');
INSERT INTO SUITE VALUES (10003, 200, 1000, 3, 'full');
INSERT INTO SUITE VALUES (10004, 201, 1000, 2, 'free');
INSERT INTO SUITE VALUES (10005, 202, 1000, 2, 'full');

INSERT INTO SUITE VALUES (10006, 100, 1001, 5, 'free');
INSERT INTO SUITE VALUES (10007, 101, 1001, 5, 'full');
INSERT INTO SUITE VALUES (10008, 102, 1001, 3, 'full');
INSERT INTO SUITE VALUES (10009, 103, 1001, 3, 'free');
INSERT INTO SUITE VALUES (10010, 200, 1001, 2, 'full');
INSERT INTO SUITE VALUES (10011, 201, 1001, 2, 'full');
INSERT INTO SUITE VALUES (10012, 202, 1001, 2, 'free');

INSERT INTO SUITE VALUES (11010, 1, 1002, 4, 'full');
INSERT INTO SUITE VALUES (11011, 2, 1002, 4, 'free');
INSERT INTO SUITE VALUES (11012, 3, 1002, 2, 'full');
INSERT INTO SUITE VALUES (11013, 4, 1002, 2, 'free');
INSERT INTO SUITE VALUES (11014, 5, 1002, 3, 'full');

INSERT INTO SUITE VALUES (10015, 100, 1003, 3, 'full');
INSERT INTO SUITE VALUES (10016, 101, 1003, 3, 'free');
INSERT INTO SUITE VALUES (10017, 102, 1003, 3, 'full');
INSERT INTO SUITE VALUES (10018, 103, 1003, 2, 'free');
INSERT INTO SUITE VALUES (10019, 200, 1003, 6, 'free');
INSERT INTO SUITE VALUES (10020, 201, 1003, 6, 'full');
INSERT INTO SUITE VALUES (10021, 202, 1003, 2, 'free');
INSERT INTO SUITE VALUES (10022, 203, 1003, 2, 'full');

INSERT INTO SUITE VALUES (10023, 100, 1004, 6, 'full');
INSERT INTO SUITE VALUES (10024, 101, 1004, 3, 'free');
INSERT INTO SUITE VALUES (10025, 102, 1004, 3, 'free');
INSERT INTO SUITE VALUES (10026, 103, 1004, 2, 'full');
INSERT INTO SUITE VALUES (10027, 200, 1004, 2, 'free');
INSERT INTO SUITE VALUES (10028, 201, 1004, 3, 'free');
INSERT INTO SUITE VALUES (10029, 202, 1004, 3, 'free');
INSERT INTO SUITE VALUES (10030, 203, 1004, 3, 'free');
INSERT INTO SUITE VALUES (10031, 300, 1004, 4, 'full');
INSERT INTO SUITE VALUES (10032, 301, 1004, 4, 'full');
INSERT INTO SUITE VALUES (10033, 302, 1004, 2, 'full');

INSERT INTO SUITE VALUES (10034, 103, 1006, 2, 'full');
INSERT INTO SUITE VALUES (10035, 103, 1006, 3, 'free');
INSERT INTO SUITE VALUES (10036, 103, 1006, 3, 'full');
INSERT INTO SUITE VALUES (10037, 203, 1006, 5, 'free');
INSERT INTO SUITE VALUES (10038, 203, 1006, 5, 'free');

INSERT INTO SUITE VALUES (10039, 103, 1007, 2, 'full');
INSERT INTO SUITE VALUES (10040, 103, 1007, 3, 'free');
INSERT INTO SUITE VALUES (10041, 103, 1007, 2, 'full');
INSERT INTO SUITE VALUES (10042, 203, 1007, 3, 'free');
INSERT INTO SUITE VALUES (10043, 203, 1007, 2, 'full');

INSERT INTO SUITE VALUES (10044, 103, 1008, 3, 'free');
INSERT INTO SUITE VALUES (10045, 103, 1008, 2, 'full');
INSERT INTO SUITE VALUES (10046, 103, 1008, 3, 'full');
INSERT INTO SUITE VALUES (10047, 103, 1008, 4, 'full');

INSERT INTO SUITE VALUES (10048, 103, 1009, 5, 'free');
INSERT INTO SUITE VALUES (10049, 103, 1009, 3, 'full');
INSERT INTO SUITE VALUES (10050, 203, 1009, 4, 'free');
INSERT INTO SUITE VALUES (10051, 203, 1009, 4, 'full');
INSERT INTO SUITE VALUES (10052, 303, 1009, 3, 'free');

INSERT INTO SUITE VALUES (10053, 103, 1010, 3, 'free');
INSERT INTO SUITE VALUES (10054, 103, 1010, 3, 'free');
INSERT INTO SUITE VALUES (10055, 203, 1010, 2, 'free');
INSERT INTO SUITE VALUES (10056, 203, 1010, 1, 'free');
INSERT INTO SUITE VALUES (10057, 303, 1010, 1, 'free');
INSERT INTO SUITE VALUES (10058, 303, 1010, 2, 'full');

INSERT INTO SUITE VALUES (10059, 103, 1011, 3, 'free');
INSERT INTO SUITE VALUES (10060, 103, 1011, 3, 'full');
INSERT INTO SUITE VALUES (10061, 103, 1011, 3, 'full');
INSERT INTO SUITE VALUES (10062, 103, 1011, 2, 'free');
INSERT INTO SUITE VALUES (10063, 103, 1011, 2, 'full');
INSERT INTO SUITE VALUES (10064, 103, 1011, 3, 'free');

INSERT INTO SUITE VALUES (10065, 103, 1012, 7, 'free');
INSERT INTO SUITE VALUES (10066, 103, 1012, 7, 'free');
INSERT INTO SUITE VALUES (10067, 103, 1012, 3, 'free');
INSERT INTO SUITE VALUES (10068, 203, 1012, 4, 'free');
INSERT INTO SUITE VALUES (10069, 203, 1012, 3, 'full');
INSERT INTO SUITE VALUES (10070, 303, 1012, 2, 'full');
INSERT INTO SUITE VALUES (10071, 303, 1012, 3, 'full');

INSERT INTO SUITE VALUES (10072, 103, 1013, 1, 'full');
INSERT INTO SUITE VALUES (10073, 103, 1013, 1, 'full');
INSERT INTO SUITE VALUES (10074, 103, 1013, 3, 'full');
INSERT INTO SUITE VALUES (10075, 203, 1013, 3, 'full');
INSERT INTO SUITE VALUES (10076, 203, 1013, 5, 'full');
INSERT INTO SUITE VALUES (10077, 303, 1013, 5, 'full');
INSERT INTO SUITE VALUES (10078, 303, 1013, 5, 'full');

INSERT INTO SUITE VALUES (10079, 103, 1015, 2, 'free');
INSERT INTO SUITE VALUES (10080, 103, 1015, 2, 'free');
INSERT INTO SUITE VALUES (10081, 103, 1015, 2, 'free');
INSERT INTO SUITE VALUES (10082, 103, 1015, 3, 'free');
INSERT INTO SUITE VALUES (10083, 103, 1015, 3, 'free');

INSERT INTO SUITE VALUES (10084, 103, 1016, 4, 'full');
INSERT INTO SUITE VALUES (10085, 103, 1016, 3, 'free');
INSERT INTO SUITE VALUES (10086, 103, 1016, 4, 'full');
INSERT INTO SUITE VALUES (10087, 203, 1016, 3, 'free');
INSERT INTO SUITE VALUES (10088, 203, 1016, 3, 'full');
INSERT INTO SUITE VALUES (10089, 303, 1016, 4, 'free');
INSERT INTO SUITE VALUES (10090, 303, 1016, 4, 'full');
INSERT INTO SUITE VALUES (10091, 403, 1016, 4, 'free');
INSERT INTO SUITE VALUES (10092, 403, 1016, 2, 'free');

INSERT INTO SUITE VALUES (10093, 103, 1017, 3, 'free');
INSERT INTO SUITE VALUES (10094, 103, 1017, 2, 'free');
INSERT INTO SUITE VALUES (10095, 203, 1017, 2, 'full');
INSERT INTO SUITE VALUES (10096, 203, 1017, 2, 'free');
INSERT INTO SUITE VALUES (10097, 303, 1017, 2, 'full');

INSERT INTO SUITE VALUES (10098, 103, 1018, 2, 'full');
INSERT INTO SUITE VALUES (10099, 103, 1018, 3, 'free');
INSERT INTO SUITE VALUES (10100, 103, 1018, 2, 'free');
INSERT INTO SUITE VALUES (10101, 103, 1018, 3, 'free');

INSERT INTO SUITE VALUES (10102, 103, 1019, 3, 'free');
INSERT INTO SUITE VALUES (10103, 103, 1019, 3, 'full');
INSERT INTO SUITE VALUES (10104, 103, 1019, 4, 'free');
INSERT INTO SUITE VALUES (10105, 103, 1019, 4, 'full');
INSERT INTO SUITE VALUES (10106, 203, 1019, 4, 'free');
INSERT INTO SUITE VALUES (10107, 203, 1019, 3, 'full');

INSERT INTO SUITE VALUES (10108, 103, 1020, 2, 'full');
INSERT INTO SUITE VALUES (10109, 103, 1020, 2, 'full');
INSERT INTO SUITE VALUES (10110, 103, 1020, 2, 'full');
INSERT INTO SUITE VALUES (10111, 203, 1020, 2, 'full');
INSERT INTO SUITE VALUES (10112, 203, 1020, 1, 'free');
INSERT INTO SUITE VALUES (10113, 303, 1020, 3, 'full');

INSERT INTO SUITE VALUES (10114, 103, 1021, 3, 'full');
INSERT INTO SUITE VALUES (10115, 103, 1021, 3, 'full');
INSERT INTO SUITE VALUES (10116, 103, 1021, 2, 'full');
INSERT INTO SUITE VALUES (10117, 203, 1021, 3, 'full');
INSERT INTO SUITE VALUES (10118, 203, 1021, 2, 'free');
INSERT INTO SUITE VALUES (10119, 203, 1021, 3, 'full');
INSERT INTO SUITE VALUES (10120, 303, 1021, 5, 'free');
INSERT INTO SUITE VALUES (10121, 303, 1021, 5, 'full');

INSERT INTO SUITE VALUES (10122, 103, 1022, 2, 'free');
INSERT INTO SUITE VALUES (10123, 103, 1022, 2, 'full');
INSERT INTO SUITE VALUES (10124, 103, 1022, 3, 'full');
INSERT INTO SUITE VALUES (10125, 203, 1022, 2, 'full');
INSERT INTO SUITE VALUES (10126, 203, 1022, 1, 'free');

INSERT INTO SUITE VALUES (10127, 103, 1023, 10, 'full');
INSERT INTO SUITE VALUES (10128, 103, 1023, 3, 'free');
INSERT INTO SUITE VALUES (10129, 103, 1023, 2, 'full');
INSERT INTO SUITE VALUES (10130, 103, 1023, 2, 'full');

INSERT INTO SUITE VALUES (10131, 103, 1024, 4, 'full');
INSERT INTO SUITE VALUES (10132, 103, 1024, 4, 'free');
INSERT INTO SUITE VALUES (10133, 203, 1024, 4, 'full');
INSERT INTO SUITE VALUES (10134, 203, 1024, 3, 'full');
INSERT INTO SUITE VALUES (10135, 303, 1024, 2, 'free');

INSERT INTO SUITE VALUES (10136, 103, 1026, 4, 'free');
INSERT INTO SUITE VALUES (10137, 103, 1026, 4, 'free');
INSERT INTO SUITE VALUES (10138, 203, 1026, 4, 'free');
INSERT INTO SUITE VALUES (10139, 203, 1026, 3, 'free');

INSERT INTO SUITE VALUES (10140, 103, 1027, 2, 'full');
INSERT INTO SUITE VALUES (10141, 103, 1027, 5, 'full');
INSERT INTO SUITE VALUES (10142, 103, 1027, 5, 'full');
INSERT INTO SUITE VALUES (10143, 103, 1027, 5, 'full');
INSERT INTO SUITE VALUES (10144, 103, 1027, 2, 'free');

INSERT INTO SUITE VALUES (10145, 103, 1028, 3, 'full');
INSERT INTO SUITE VALUES (10146, 103, 1028, 3, 'free');
INSERT INTO SUITE VALUES (10147, 103, 1028, 3, 'full');
INSERT INTO SUITE VALUES (10148, 103, 1028, 3, 'full');
INSERT INTO SUITE VALUES (10149, 203, 1028, 2, 'full');
INSERT INTO SUITE VALUES (10150, 203, 1028, 3, 'full');
INSERT INTO SUITE VALUES (10151, 303, 1028, 2, 'full');
INSERT INTO SUITE VALUES (10152, 303, 1028, 2, 'free');

INSERT INTO SUITE VALUES (10153, 103, 1029, 3, 'full');
INSERT INTO SUITE VALUES (10154, 103, 1029, 3, 'full');
INSERT INTO SUITE VALUES (10155, 103, 1029, 4, 'free');
INSERT INTO SUITE VALUES (10156, 103, 1029, 4, 'full');

INSERT INTO SUITE VALUES (10157, 103, 1030, 3, 'free');
INSERT INTO SUITE VALUES (10158, 103, 1030, 2, 'free');
INSERT INTO SUITE VALUES (10159, 203, 1030, 2, 'full');
INSERT INTO SUITE VALUES (10160, 203, 1030, 2, 'full');
INSERT INTO SUITE VALUES (10161, 303, 1030, 3, 'full');

INSERT INTO SUITE VALUES (10162, 103, 1031, 3, 'full');
INSERT INTO SUITE VALUES (10163, 103, 1031, 4, 'free');
INSERT INTO SUITE VALUES (10164, 203, 1031, 4, 'free');
INSERT INTO SUITE VALUES (10165, 203, 1031, 3, 'full');
INSERT INTO SUITE VALUES (10166, 303, 1031, 4, 'free');

INSERT INTO SUITE VALUES (10167, 103, 1032, 3, 'free');
INSERT INTO SUITE VALUES (10168, 103, 1032, 4, 'full');
INSERT INTO SUITE VALUES (10169, 103, 1032, 3, 'full');
INSERT INTO SUITE VALUES (10170, 103, 1032, 4, 'full');

INSERT INTO SUITE VALUES (10171, 103, 1033, 3, 'full');
INSERT INTO SUITE VALUES (10172, 103, 1033, 2, 'full');
INSERT INTO SUITE VALUES (10173, 203, 1033, 3, 'full');
INSERT INTO SUITE VALUES (10174, 203, 1033, 3, 'free');
INSERT INTO SUITE VALUES (10175, 303, 1033, 2, 'full');
INSERT INTO SUITE VALUES (10176, 303, 1033, 3, 'full');
INSERT INTO SUITE VALUES (10177, 403, 1033, 2, 'full');
INSERT INTO SUITE VALUES (10178, 403, 1033, 2, 'free');

INSERT INTO SUITE VALUES (10179, 103, 1034, 3, 'free');
INSERT INTO SUITE VALUES (10180, 103, 1034, 3, 'free');
INSERT INTO SUITE VALUES (10181, 103, 1034, 5, 'free');
INSERT INTO SUITE VALUES (10182, 103, 1034, 5, 'full');

INSERT INTO SUITE VALUES (10183, 103, 1035, 3, 'free');
INSERT INTO SUITE VALUES (10184, 203, 1035, 2, 'free');
INSERT INTO SUITE VALUES (10185, 303, 1035, 3, 'full');
INSERT INTO SUITE VALUES (10186, 403, 1035, 3, 'full');
INSERT INTO SUITE VALUES (10187, 503, 1035, 3, 'full');
INSERT INTO SUITE VALUES (10188, 603, 1035, 4, 'full');
INSERT INTO SUITE VALUES (10189, 703, 1035, 4, 'free');

INSERT INTO SUITE VALUES (10190, 103, 1036, 3, 'full');
INSERT INTO SUITE VALUES (10191, 103, 1036, 3, 'free');
INSERT INTO SUITE VALUES (10192, 103, 1036, 5, 'full');
INSERT INTO SUITE VALUES (10193, 103, 1036, 5, 'full');

INSERT INTO SUITE VALUES (10194, 103, 1037, 3, 'free');
INSERT INTO SUITE VALUES (10195, 103, 1037, 5, 'full');
INSERT INTO SUITE VALUES (10196, 103, 1037, 5, 'full');
INSERT INTO SUITE VALUES (10197, 103, 1037, 3, 'free');

INSERT INTO SUITE VALUES (10198, 103, 1038, 2, 'full');
INSERT INTO SUITE VALUES (10199, 103, 1038, 3, 'full');
INSERT INTO SUITE VALUES (10200, 203, 1038, 3, 'free');
INSERT INTO SUITE VALUES (10201, 203, 1038, 2, 'free');

INSERT INTO SUITE VALUES (10202, 103, 1039, 3, 'full');
INSERT INTO SUITE VALUES (10203, 103, 1039, 3, 'full');
INSERT INTO SUITE VALUES (10204, 203, 1039, 2, 'full');
INSERT INTO SUITE VALUES (10205, 203, 1039, 2, 'free');

INSERT INTO SUITE VALUES (10206, 103, 1040, 3, 'full');
INSERT INTO SUITE VALUES (10207, 103, 1040, 2, 'full');
INSERT INTO SUITE VALUES (10208, 203, 1040, 2, 'full');
INSERT INTO SUITE VALUES (10209, 203, 1040, 2, 'full');
INSERT INTO SUITE VALUES (10210, 303, 1040, 2, 'full');
INSERT INTO SUITE VALUES (10211, 303, 1040, 2, 'free');
INSERT INTO SUITE VALUES (10212, 403, 1040, 3, 'free');

INSERT INTO SUITE VALUES (10213, 1, 1041, 2, 'free');
INSERT INTO SUITE VALUES (10214, 2, 1041, 2, 'free');


INSERT INTO PRICE VALUES (20001, 10000, 40000, NULL, '23/01/2015', NULL);
INSERT INTO PRICE VALUES (20002, 10001, 20000, NULL, '23/01/2015', NULL);
INSERT INTO PRICE VALUES (20003, 10002, 40000, NULL, '23/01/2015', NULL);
INSERT INTO PRICE VALUES (20004, 10003, 20000, NULL, '23/01/2015', NULL);
INSERT INTO PRICE VALUES (20005, 10004, 15000, NULL, '23/01/2015', NULL);
INSERT INTO PRICE VALUES (20006, 10005, 15000, NULL, '23/01/2015', NULL);

INSERT INTO PRICE VALUES (20007, 10006, 43000, NULL, '21/01/2014', NULL);
INSERT INTO PRICE VALUES (20008, 10007, 43000, NULL, '21/03/2014', NULL);
INSERT INTO PRICE VALUES (20009, 10008, 21000, NULL, '21/03/2014', NULL);
INSERT INTO PRICE VALUES (20010, 10009, 21000, NULL, '21/03/2014', NULL);
INSERT INTO PRICE VALUES (20011, 10010, 14000, NULL, '30/03/2014', NULL);
INSERT INTO PRICE VALUES (20012, 10011, 14000, 1000, '30/03/2014', NULL);
INSERT INTO PRICE VALUES (20013, 10012, 14000, 1000, '30/03/2014', NULL);

INSERT INTO PRICE VALUES (20014, 11010, 7000, 2000, '15/01/2016', NULL);
INSERT INTO PRICE VALUES (20015, 11011, 7000, 2000, '15/01/2016', NULL);
INSERT INTO PRICE VALUES (20016, 11012, 3500, NULL, '15/01/2016', NULL);
INSERT INTO PRICE VALUES (20017, 11013, 3200, NULL, '15/01/2016', NULL);
INSERT INTO PRICE VALUES (20018, 11014, 4300, 1400, '15/01/2016', NULL);

INSERT INTO PRICE VALUES (20019, 10015, 19000, NULL, '20/03/2015', NULL);
INSERT INTO PRICE VALUES (20020, 10016, 19000, NULL, '20/04/2015', NULL);
INSERT INTO PRICE VALUES (20021, 10017, 18000, NULL, '20/04/2015', NULL);
INSERT INTO PRICE VALUES (20022, 10018, 14000, NULL, '20/04/2015', NULL);
INSERT INTO PRICE VALUES (20023, 10019, 38000, NULL, '20/04/2015', NULL);
INSERT INTO PRICE VALUES (20024, 10020, 38000, NULL, '20/06/2015', NULL);
INSERT INTO PRICE VALUES (20025, 10021, 11000, NULL, '30/06/2015', NULL);
INSERT INTO PRICE VALUES (20026, 10022, 10000, NULL, '30/06/2015', NULL);

INSERT INTO PRICE VALUES (20027, 10023, 28000, NULL, '20/06/2015', '31/01/2016');
INSERT INTO PRICE VALUES (20028, 10023, 29000, 4000, '01/02/2016', NULL);
INSERT INTO PRICE VALUES (21028, 10024, 10000, 4000, '21/06/2015', NULL);
INSERT INTO PRICE VALUES (20029, 10025, 10000, 2000, '21/06/2015', NULL);
INSERT INTO PRICE VALUES (20030, 10026, 3000, 2000, '21/06/2015', NULL);
INSERT INTO PRICE VALUES (20031, 10027, 3000, 2000, '21/06/2015', NULL);
INSERT INTO PRICE VALUES (20032, 10028, 10000, 2000, '21/06/2015', NULL);
INSERT INTO PRICE VALUES (20033, 10029, 10000, 2000, '21/06/2015', NULL);
INSERT INTO PRICE VALUES (20034, 10030, 9000, 2000, '21/06/2015', NULL);
INSERT INTO PRICE VALUES (20035, 10031, 14000, 2000, '21/06/2015', NULL);
INSERT INTO PRICE VALUES (20036, 10032, 14000, 2000, '21/06/2015', NULL);
INSERT INTO PRICE VALUES (20037, 10033, 3000, NULL, '21/06/2015', NULL);

INSERT INTO PRICE VALUES (20038, 10034, 1400, NULL, '30/09/2015', '01/11/2015');
INSERT INTO PRICE VALUES (20039, 10034, 1200, NULL, '02/11/2015', NULL);
INSERT INTO PRICE VALUES (20040, 10035, 2100, NULL, '20/09/2015', NULL);
INSERT INTO PRICE VALUES (20041, 10036, 2100, NULL, '20/09/2015', NULL);
INSERT INTO PRICE VALUES (20042, 10037, 5000, NULL, '20/09/2015', NULL);
INSERT INTO PRICE VALUES (20043, 10038, 5200, NULL, '20/09/2015', '01/11/2015');
INSERT INTO PRICE VALUES (20044, 10038, 5400, NULL, '02/11/2015', NULL);

INSERT INTO PRICE VALUES (21044, 10039, 2500, NULL, '20/08/2015', NULL);
INSERT INTO PRICE VALUES (20045, 10040, 3200, NULL, '20/08/2015', NULL);
INSERT INTO PRICE VALUES (20046, 10041, 2600, NULL, '20/08/2015', NULL);
INSERT INTO PRICE VALUES (20047, 10042, 3200, NULL, '20/08/2015', NULL);
INSERT INTO PRICE VALUES (20048, 10043, 2600, NULL, '20/08/2015', NULL);

INSERT INTO PRICE VALUES (20049, 10044, 2800, NULL, '20/09/2015', '31/12/2015');
INSERT INTO PRICE VALUES (20050, 10045, 1500, NULL, '01/01/2016', NULL);
INSERT INTO PRICE VALUES (20051, 10045, 1800, NULL, '22/09/2015', NULL);
INSERT INTO PRICE VALUES (20052, 10046, 2800, NULL, '22/09/2015', NULL);
INSERT INTO PRICE VALUES (20053, 10047, 3200, NULL, '22/09/2015', '31/12/2015');
INSERT INTO PRICE VALUES (20054, 10047, 3500, NULL, '01/01/2016', NULL);

INSERT INTO PRICE VALUES (20055, 10048, 38000, NULL, '10/08/2015', NULL);
INSERT INTO PRICE VALUES (20056, 10049, 18000, NULL, '10/08/2015', NULL);
INSERT INTO PRICE VALUES (20057, 10050, 26000, NULL, '10/08/2015', NULL);
INSERT INTO PRICE VALUES (20058, 10051, 36000, NULL, '10/08/2015', NULL);
INSERT INTO PRICE VALUES (20059, 10052, 26000, NULL, '10/08/2015', NULL);

INSERT INTO PRICE VALUES (20060, 10053, 24000, 1200, '16/09/2015', NULL);
INSERT INTO PRICE VALUES (20061, 10054, 24000, NULL, '16/09/2015', NULL);
INSERT INTO PRICE VALUES (20062, 10055, 18000, NULL, '16/09/2015', NULL);
INSERT INTO PRICE VALUES (20063, 10056, 12000, NULL, '16/09/2015', NULL);
INSERT INTO PRICE VALUES (20064, 10057, 10000, 1200, '16/09/2015', NULL);
INSERT INTO PRICE VALUES (20065, 10058, 18000, 1200, '16/09/2015', NULL);

INSERT INTO PRICE VALUES (20066, 10059, 11000, NULL, '10/10/2015', NULL);
INSERT INTO PRICE VALUES (20067, 10060, 11000, NULL, '10/10/2015', NULL);
INSERT INTO PRICE VALUES (20068, 10061, 11000, NULL, '10/10/2015', NULL);
INSERT INTO PRICE VALUES (20069, 10062, 5100, NULL, '10/10/2015', NULL);
INSERT INTO PRICE VALUES (20070, 10063, 5100, NULL, '10/10/2015', NULL);
INSERT INTO PRICE VALUES (20071, 10064, 12000, NULL, '10/10/2015', NULL);

INSERT INTO PRICE VALUES (20072, 10065, 62000, NULL, '12/11/2015', NULL);
INSERT INTO PRICE VALUES (20073, 10066, 62000, NULL, '12/11/2015', NULL);
INSERT INTO PRICE VALUES (20074, 10067, 21000, NULL, '12/11/2015', NULL);
INSERT INTO PRICE VALUES (20075, 10068, 25000, NULL, '12/11/2015', NULL);
INSERT INTO PRICE VALUES (20076, 10069, 22000, NULL, '12/11/2015', NULL);
INSERT INTO PRICE VALUES (20077, 10070, 16000, NULL, '12/11/2015', NULL);
INSERT INTO PRICE VALUES (20078, 10071, 20000, NULL, '12/11/2015', NULL);

INSERT INTO PRICE VALUES (20079, 10072, 2200, 1000, '01/12/2015', NULL);
INSERT INTO PRICE VALUES (20080, 10073, 2300, 1000, '01/12/2015', NULL);
INSERT INTO PRICE VALUES (20081, 10074, 5000, 1000, '01/12/2015', NULL);
INSERT INTO PRICE VALUES (20082, 10075, 5000, 1000, '01/12/2015', NULL);
INSERT INTO PRICE VALUES (20083, 10076, 6200, 1000, '01/12/2015', NULL);
INSERT INTO PRICE VALUES (20084, 10077, 6300, 1000, '01/12/2015', NULL);
INSERT INTO PRICE VALUES (20085, 10078, 6300, 1000, '01/12/2015', NULL);

INSERT INTO PRICE VALUES (20086, 10079, 2400, NULL, '16/11/2015', NULL);
INSERT INTO PRICE VALUES (20087, 10080, 2400, NULL, '16/11/2015', '04/02/2016');
INSERT INTO PRICE VALUES (20088, 10080, 2600, NULL, '05/02/2016', NULL);
INSERT INTO PRICE VALUES (20089, 10081, 2400, NULL, '16/11/2015', '04/02/2016');
INSERT INTO PRICE VALUES (20090, 10081, 2600, NULL, '05/02/2016', NULL);
INSERT INTO PRICE VALUES (20091, 10082, 3500, NULL, '16/11/2015', '04/02/2016');
INSERT INTO PRICE VALUES (20092, 10082, 3600, NULL, '05/02/2016', NULL);
INSERT INTO PRICE VALUES (20093, 10082, 3500, NULL, '16/11/2015', '04/02/2016');
INSERT INTO PRICE VALUES (20094, 10083, 3600, NULL, '05/02/2016', NULL);

INSERT INTO PRICE VALUES (20095, 10084, 4000, 300, '10/09/2015', NULL);
INSERT INTO PRICE VALUES (20096, 10085, 3500, 300, '10/09/2015', NULL);
INSERT INTO PRICE VALUES (20097, 10086, 4000, 300, '10/09/2015', NULL);
INSERT INTO PRICE VALUES (20098, 10087, 3300, 300, '10/09/2015', NULL);
INSERT INTO PRICE VALUES (20099, 10088, 3300, 300, '10/09/2015', NULL);
INSERT INTO PRICE VALUES (20100, 10089, 4100, 300, '10/09/2015', NULL);
INSERT INTO PRICE VALUES (20101, 10090, 4100, 300, '10/09/2015', NULL);
INSERT INTO PRICE VALUES (20102, 10091, 4100, 300, '10/09/2015', NULL);
INSERT INTO PRICE VALUES (20103, 10092, 3000, 300, '10/09/2015', NULL);

INSERT INTO PRICE VALUES (20104, 10093, 13000, 200, '10/09/2015', '10/01/2016');
INSERT INTO PRICE VALUES (20105, 10093, 17000, 300, '11/01/2016', NULL);
INSERT INTO PRICE VALUES (20106, 10094, 11000, 200, '10/09/2015', '10/01/2016');
INSERT INTO PRICE VALUES (20107, 10094, 12000, 300, '11/01/2016', NULL);
INSERT INTO PRICE VALUES (20108, 10095, 11000, 200, '10/09/2015', '10/01/2016');
INSERT INTO PRICE VALUES (20109, 10095, 12000, 300, '11/01/2016', NULL);
INSERT INTO PRICE VALUES (20110, 10096, 15000, 200, '10/09/2015', '10/01/2016');
INSERT INTO PRICE VALUES (20111, 10096, 16000, 300, '11/01/2016', NULL);
INSERT INTO PRICE VALUES (20112, 10097, 11000, 200, '10/09/2015', '10/01/2016');
INSERT INTO PRICE VALUES (20113, 10097, 12000, 300, '11/01/2016', NULL);

INSERT INTO PRICE VALUES (20114, 10098, 1800, NULL, '14/09/2015', NULL);
INSERT INTO PRICE VALUES (20115, 10099, 2300, NULL, '14/09/2015', NULL);
INSERT INTO PRICE VALUES (20116, 10100, 1800, NULL, '14/09/2015', NULL);
INSERT INTO PRICE VALUES (20117, 10101, 2300, NULL, '14/09/2015', NULL);

INSERT INTO PRICE VALUES (20118, 10102, 5100, NULL, '18/08/2015', NULL);
INSERT INTO PRICE VALUES (20119, 10103, 5100, NULL, '18/08/2015', NULL);
INSERT INTO PRICE VALUES (20120, 10104, 6400, NULL, '18/08/2015', NULL);
INSERT INTO PRICE VALUES (20121, 10105, 6400, NULL, '18/08/2015', NULL);
INSERT INTO PRICE VALUES (20122, 10106, 5100, NULL, '18/08/2015', NULL);
INSERT INTO PRICE VALUES (20123, 10107, 5100, NULL, '18/08/2015', NULL);

INSERT INTO PRICE VALUES (20124, 10108, 2200, NULL, '20/09/2015', NULL);
INSERT INTO PRICE VALUES (20125, 10109, 2200, NULL, '20/09/2015', NULL);
INSERT INTO PRICE VALUES (20126, 10110, 2200, NULL, '20/09/2015', NULL);
INSERT INTO PRICE VALUES (20127, 10111, 2200, NULL, '20/09/2015', NULL);
INSERT INTO PRICE VALUES (20128, 10112, 1400, NULL, '20/09/2015', NULL);
INSERT INTO PRICE VALUES (20129, 10113, 2700, NULL, '20/09/2015', NULL);

INSERT INTO PRICE VALUES (20130, 10114, 2300, NULL, '12/08/2015', NULL);
INSERT INTO PRICE VALUES (20131, 10115, 2300, NULL, '12/08/2015', NULL);
INSERT INTO PRICE VALUES (20132, 10116, 2000, NULL, '12/08/2015', NULL);
INSERT INTO PRICE VALUES (20133, 10117, 2300, NULL, '12/08/2015', NULL);
INSERT INTO PRICE VALUES (20134, 10118, 1800, NULL, '12/08/2015', NULL);
INSERT INTO PRICE VALUES (20135, 10119, 2300, NULL, '12/08/2015', NULL);
INSERT INTO PRICE VALUES (20136, 10120, 5400, NULL, '12/08/2015', NULL);
INSERT INTO PRICE VALUES (20137, 10121, 5400, NULL, '12/08/2015', NULL);

INSERT INTO PRICE VALUES (20138, 10122, 1200, NULL, '18/10/2015', NULL);
INSERT INTO PRICE VALUES (20139, 10123, 1200, NULL, '18/10/2015', NULL);
INSERT INTO PRICE VALUES (20140, 10124, 2300, NULL, '18/10/2015', NULL);
INSERT INTO PRICE VALUES (20141, 10125, 1200, NULL, '18/10/2015', NULL);
INSERT INTO PRICE VALUES (20142, 10126, 1100, NULL, '18/10/2015', NULL);

INSERT INTO PRICE VALUES (20143, 10127, 98000, NULL, '12/08/2015', NULL);
INSERT INTO PRICE VALUES (20144, 10128, 26000, NULL, '12/08/2015', NULL);
INSERT INTO PRICE VALUES (20145, 10129, 22000, NULL, '12/08/2015', NULL);
INSERT INTO PRICE VALUES (20146, 10130, 19000, NULL, '12/08/2015', '16/08/2015');
INSERT INTO PRICE VALUES (20147, 10130, 19001, NULL, '17/08/2015', '12/12/2015');
INSERT INTO PRICE VALUES (20148, 10130, 19002, NULL, '13/12/2015', NULL);

INSERT INTO PRICE VALUES (20149, 10131, 3000, 1100, '13/12/2015', NULL);
INSERT INTO PRICE VALUES (20150, 10132, 3000, 1100, '13/12/2015', NULL);
INSERT INTO PRICE VALUES (20151, 10133, 3000, 1100, '13/12/2015', NULL);
INSERT INTO PRICE VALUES (20152, 10134, 2800, 1100, '13/12/2015', NULL);
INSERT INTO PRICE VALUES (20153, 10135, 2600, 1100, '13/12/2015', NULL);

INSERT INTO PRICE VALUES (20154, 10136, 43000, NULL, '11/03/2016', NULL);
INSERT INTO PRICE VALUES (20155, 10137, 43000, NULL, '11/03/2016', NULL);
INSERT INTO PRICE VALUES (20156, 10138, 43000, NULL, '11/03/2016', NULL);
INSERT INTO PRICE VALUES (20157, 10139, 33000, NULL, '11/03/2016', NULL);

INSERT INTO PRICE VALUES (20158, 10140, 4500, NULL, '10/11/2015', NULL);
INSERT INTO PRICE VALUES (20159, 10141, 9000, NULL, '10/11/2015', NULL);
INSERT INTO PRICE VALUES (20160, 10142, 9000, NULL, '10/11/2015', NULL);
INSERT INTO PRICE VALUES (20161, 10143, 9000, NULL, '10/11/2015', NULL);
INSERT INTO PRICE VALUES (20162, 10144, 4500, NULL, '10/11/2015', NULL);

INSERT INTO PRICE VALUES (20163, 10145, 14000, NULL, '18/10/2015', NULL);
INSERT INTO PRICE VALUES (20164, 10146, 14000, NULL, '18/10/2015', NULL);
INSERT INTO PRICE VALUES (20165, 10147, 14000, NULL, '18/10/2015', NULL);
INSERT INTO PRICE VALUES (20166, 10148, 14000, NULL, '18/10/2015', NULL);
INSERT INTO PRICE VALUES (20167, 10149, 12000, NULL, '18/10/2015', NULL);
INSERT INTO PRICE VALUES (20168, 10150, 14000, NULL, '18/10/2015', NULL);
INSERT INTO PRICE VALUES (20169, 10151, 12000, NULL, '18/10/2015', NULL);
INSERT INTO PRICE VALUES (20170, 10152, 12000, NULL, '18/10/2015', NULL);

INSERT INTO PRICE VALUES (20171, 10153, 2300, NULL, '20/10/2015', '20/01/2016');
INSERT INTO PRICE VALUES (20172, 10153, 2200, NULL, '21/01/2016', NULL);
INSERT INTO PRICE VALUES (20173, 10154, 1800, NULL, '30/10/2015', NULL);
INSERT INTO PRICE VALUES (20174, 10155, 3000, NULL, '30/10/2015', NULL);
INSERT INTO PRICE VALUES (20175, 10156, 3000, NULL, '30/10/2015', NULL);

INSERT INTO PRICE VALUES (20176, 10157, 5000, 300, '18/12/2015', NULL);
INSERT INTO PRICE VALUES (20177, 10158, 3400, 300, '18/12/2015', NULL);
INSERT INTO PRICE VALUES (20178, 10159, 3400, 300, '18/12/2015', NULL);
INSERT INTO PRICE VALUES (20179, 10160, 3400, 300, '18/12/2015', NULL);
INSERT INTO PRICE VALUES (20180, 10161, 500, 300, '18/12/2015', NULL);

INSERT INTO PRICE VALUES (20181, 10162, 16000, NULL, '18/12/2015', NULL);
INSERT INTO PRICE VALUES (20182, 10163, 24000, NULL, '18/12/2015', NULL);
INSERT INTO PRICE VALUES (20183, 10164, 24000, NULL, '18/12/2015', NULL);
INSERT INTO PRICE VALUES (20184, 10165, 16000, NULL, '18/12/2015', NULL);
INSERT INTO PRICE VALUES (20185, 10166, 24000, NULL, '18/12/2015', NULL);

INSERT INTO PRICE VALUES (20186, 10167, 2400, NULL, '28/09/2015', NULL);
INSERT INTO PRICE VALUES (20187, 10168, 3400, NULL, '28/09/2015', NULL);
INSERT INTO PRICE VALUES (20188, 10169, 2400, NULL, '28/09/2015', NULL);
INSERT INTO PRICE VALUES (20189, 10170, 3400, NULL, '28/09/2015', NULL);

INSERT INTO PRICE VALUES (20190, 10171, 28000, NULL, '20/09/2015', NULL);
INSERT INTO PRICE VALUES (20191, 10172, 24000, NULL, '20/09/2015', NULL);
INSERT INTO PRICE VALUES (20192, 10173, 28000, NULL, '20/09/2015', NULL);
INSERT INTO PRICE VALUES (20193, 10174, 28000, NULL, '20/09/2015', NULL);
INSERT INTO PRICE VALUES (20194, 10175, 24000, NULL, '20/09/2015', NULL);
INSERT INTO PRICE VALUES (20195, 10176, 24000, NULL, '20/09/2015', NULL);
INSERT INTO PRICE VALUES (20196, 10177, 18000, NULL, '20/09/2015', NULL);
INSERT INTO PRICE VALUES (20197, 10178, 18000, NULL, '20/09/2015', NULL);

INSERT INTO PRICE VALUES (20198, 10179, 1000, NULL, '18/09/2015', NULL);
INSERT INTO PRICE VALUES (20199, 10180, 1000, NULL, '18/09/2015', NULL);
INSERT INTO PRICE VALUES (20200, 10181, 400, NULL, '18/09/2015', NULL);
INSERT INTO PRICE VALUES (20201, 10182, 400, NULL, '18/09/2015', NULL);

INSERT INTO PRICE VALUES (20202, 10183, 6000, NULL, '21/09/2015', NULL);
INSERT INTO PRICE VALUES (20203, 10184, 4000, NULL, '21/09/2015', NULL);
INSERT INTO PRICE VALUES (20204, 10185, 6000, NULL, '21/09/2015', NULL);
INSERT INTO PRICE VALUES (20205, 10186, 6000, NULL, '21/09/2015', NULL);
INSERT INTO PRICE VALUES (20206, 10187, 6000, NULL, '21/09/2015', NULL);
INSERT INTO PRICE VALUES (20207, 10188, 7600, NULL, '21/09/2015', NULL);
INSERT INTO PRICE VALUES (20208, 10189, 7600, NULL, '21/09/2015', NULL);

INSERT INTO PRICE VALUES (20209, 10190, 4300, NULL, '18/09/2015', NULL);
INSERT INTO PRICE VALUES (20210, 10191, 4300, NULL, '18/09/2015', '18/12/2015');
INSERT INTO PRICE VALUES (20211, 10191, 4200, NULL, '19/12/2015', NULL);
INSERT INTO PRICE VALUES (20212, 10192, 5600, NULL, '18/09/2015', NULL);
INSERT INTO PRICE VALUES (20213, 10193, 5600, NULL, '18/09/2015', '18/12/2015');
INSERT INTO PRICE VALUES (20214, 10193, 5400, NULL, '18/12/2015', NULL);

INSERT INTO PRICE VALUES (20215, 10194, 4300, 500, '15/09/2015', NULL);
INSERT INTO PRICE VALUES (20216, 10195, 5600, 500, '15/09/2015', NULL);
INSERT INTO PRICE VALUES (20217, 10196, 5600, 500, '15/09/2015', NULL);
INSERT INTO PRICE VALUES (20218, 10197, 4300, 500, '15/09/2015', NULL);

INSERT INTO PRICE VALUES (20219, 10198, 1800, NULL, '18/09/2015', NULL);
INSERT INTO PRICE VALUES (20220, 10199, 2300, NULL, '18/09/2015', NULL);
INSERT INTO PRICE VALUES (20221, 10200, 2300, NULL, '18/09/2015', NULL);
INSERT INTO PRICE VALUES (20222, 10201, 1800, NULL, '18/09/2015', NULL);

INSERT INTO PRICE VALUES (20223, 10202, 8000, NULL, '14/08/2015', NULL);
INSERT INTO PRICE VALUES (20224, 10203, 8000, NULL, '14/08/2015', NULL);
INSERT INTO PRICE VALUES (20225, 10204, 6500, NULL, '14/08/2015', NULL);
INSERT INTO PRICE VALUES (20226, 10205, 6500, NULL, '14/08/2015', '15/12/2015');
INSERT INTO PRICE VALUES (20227, 10205, 6800, NULL, '16/12/2015', NULL);

INSERT INTO PRICE VALUES (20228, 10206, 34000, NULL, '25/07/2015', NULL);
INSERT INTO PRICE VALUES (20229, 10207, 28000, NULL, '25/07/2015', NULL);
INSERT INTO PRICE VALUES (20230, 10208, 28000, NULL, '25/07/2015', NULL);
INSERT INTO PRICE VALUES (20231, 10209, 28000, NULL, '25/07/2015', NULL);
INSERT INTO PRICE VALUES (20232, 10210, 30000, NULL, '25/07/2015', NULL);
INSERT INTO PRICE VALUES (20233, 10211, 30000, NULL, '25/07/2015', NULL);
INSERT INTO PRICE VALUES (20234, 10212, 35000, NULL, '25/07/2015', NULL);

INSERT INTO PRICE VALUES (20235, 10213, 100, NULL, '25/01/1997', NULL);
INSERT INTO PRICE VALUES (20236, 10214, 100, NULL, '25/01/1997', NULL);


INSERT INTO TRAVELER VALUES (30000, 'starlet', 'Mable', 'Pines', '31/08/2002', 'starlet@gmail.com', '01/09/2015');
INSERT INTO TRAVELER VALUES (30001, 'the_god', 'Ryan', 'Gosling', '12/11/1980', 'omggod@gmail.com', '07/10/2015');
INSERT INTO TRAVELER VALUES (30002, 'deadpool', 'Ryan', 'Reynolds', '23/10/1976', 'deadpool1000@gmail.com', '24/11/2015');
INSERT INTO TRAVELER VALUES (30003, 'the_man', 'Finn', 'Flores', '11/11/1995', 'advtime@hotmail.com', '11/08/2015');
INSERT INTO TRAVELER VALUES (30004, 'the_pig', 'Waddles', 'Pines', '10/07/2015', 'lovelypig@pigmail.com', '01/09/2015');
INSERT INTO TRAVELER VALUES (30005, 'pink_as_floyd', 'Roger', 'Waters', '06/09/1943', 'rwaters@gmail.com', '23/01/2016');
INSERT INTO TRAVELER VALUES (30006, 'roughGuy', 'Jacob', 'Frye', '09/10/1847', 'jacofry@hotmail.com', '10/03/2016');
INSERT INTO TRAVELER VALUES (30007, 'hotdrumms', 'Luke', 'Flowers', '31/08/1967', 'cinematicdrummer@hotmail.com', '23/10/2015');
INSERT INTO TRAVELER VALUES (30008, 'the_father', 'Anakin', 'Skywalker', '14/02/1955', 'darth_vader@deathmail.com', '14/08/2015');
INSERT INTO TRAVELER VALUES (30009, 'crank', 'Fox', 'Mulder', '13/10/1961', 'xfiles@fbimail.com', '20/10/2015');
INSERT INTO TRAVELER VALUES (30010, 'starbuck', 'Dana', 'Scully', '23/02/1964', 'xxxfiles@hotmail.com', '21/10/2015');
INSERT INTO TRAVELER (traveler_id, nickname, email, sign_in_date) VALUES (30011, 'dbmaster', 'dbmaster@gmail.com', '01/07/2015');
INSERT INTO TRAVELER VALUES (30012, 'prodigy', 'Chloe', 'Park', '14/03/2002', 'chloepark@bearsmail.com', '06/11/2015');


INSERT INTO SUBSCRIBTION_POOL VALUES (40000, 30000, 30004);
INSERT INTO SUBSCRIBTION_POOL VALUES (40001, 30004, 30000);
INSERT INTO SUBSCRIBTION_POOL VALUES (40002, 30001, 30002);
INSERT INTO SUBSCRIBTION_POOL VALUES (40003, 30002, 30001);
INSERT INTO SUBSCRIBTION_POOL VALUES (40004, 30009, 30010);
INSERT INTO SUBSCRIBTION_POOL VALUES (40005, 30010, 30009);
INSERT INTO SUBSCRIBTION_POOL VALUES (40006, 30012, 30005);
INSERT INTO SUBSCRIBTION_POOL VALUES (40007, 30011, 30006);
INSERT INTO SUBSCRIBTION_POOL VALUES (40008, 30006, 30011);
INSERT INTO SUBSCRIBTION_POOL VALUES (40009, 30007, 30005);
INSERT INTO SUBSCRIBTION_POOL VALUES (40010, 30005, 30007);
INSERT INTO SUBSCRIBTION_POOL VALUES (40011, 30003, 30000);
INSERT INTO SUBSCRIBTION_POOL VALUES (40012, 30003, 30012);
INSERT INTO SUBSCRIBTION_POOL VALUES (40013, 30003, 30006);
INSERT INTO SUBSCRIBTION_POOL VALUES (40014, 30008, 30003);
INSERT INTO SUBSCRIBTION_POOL VALUES (40015, 30009, 30011);


INSERT INTO REVIEW VALUES (50000, 30000, 1041, 5, 'One of the most magical place ever! Reminds me of Mystery Shack in Gravity falls. Just AWSOME!', '02/02/2016');
INSERT INTO REVIEW VALUES (50001, 30001, 1033, 2, 'Was not impressed. Too English, imho.', '05/01/2016');
INSERT INTO REVIEW VALUES (50002, 30003, 1008, 4, 'Hm, what Im doing here? Whatever, nice beds and hostess.', '05/01/2016');
INSERT INTO REVIEW VALUES (50003, 30004, 1019, 5, 'Oink-oink!', '13/01/2016');
INSERT INTO REVIEW VALUES (50004, 30005, 1041, 1, 'Are you serious, guys? Its a hut in the middle of nowhere!', '05/02/2016');
INSERT INTO REVIEW VALUES (50005, 30006, 1015, 4, 'France is not as bad as I thought. My sister cannt but disagree though.', '15/12/2015');
INSERT INTO REVIEW VALUES (50006, 30007, 1037, 5, 'Comfortable, clean, cheap, exelent', '05/11/2015');
INSERT INTO REVIEW VALUES (50007, 30009, 1032, 3, 'Such a great place to find the truth an such a miserable hotel...', '03/01/2016');
INSERT INTO REVIEW VALUES (50008, 30011, 1000, 2, 'Couldnt enter...', '16/11/2015');
INSERT INTO REVIEW VALUES (50009, 30011, 1001, 3, 'Ok, at least I didnt get hurt...', '17/11/2015');
INSERT INTO REVIEW VALUES (50010, 30011, 1004, 5, 'Lovely bath. Like it. Very. Much.', '23/11/2015');
INSERT INTO REVIEW VALUES (50011, 30012, 1024, 4, 'Not a fan of such architecture, also the key was broken.', '01/12/2015');
INSERT INTO REVIEW VALUES (50012, 30002, 1039, 3, 'Got 100 rubbles for 100 dollars... That guy, Urgant, is untrustable...', '17/02/2016');
INSERT INTO REVIEW VALUES (50013, 30006, 1028, 5, 'Classy sofa in the hall cut my heart off!', '06/12/2015');
INSERT INTO REVIEW VALUES (50014, 30000, 1010, 2, 'Silly staff, silly TV, silly food. Waddles liked it neither!', '24/11/2015');


INSERT INTO COMMENTS VALUES (60000, 30004, 'Oink-oink!', '03/02/2016', 50000);
INSERT INTO COMMENTS VALUES (60001, 30005, 'It is total trash, you cannot be serious!', '04/02/2016', 50000);
INSERT INTO COMMENTS VALUES (60002, 30012, 'Youd better return to your universe.', '06/01/2016', 50002);
INSERT INTO COMMENTS VALUES (60003, 30000, 'Yayks, Waddles!', '13/01/2016', 50004);
INSERT INTO COMMENTS VALUES (60004, 30000, 'Be-be-be, mr downer:p.', '03/02/2016', 50005);
INSERT INTO COMMENTS VALUES (60005, 30007, 'Yeah, gonna stay far from the place, mate.', '05/02/2016', 50005);
INSERT INTO COMMENTS VALUES (60006, 30008, 'I am not your father.', '17/12/2015', 50006);
INSERT INTO COMMENTS VALUES (60007, 30010, 'Hope you have not seen any gray guys, Mulder.', '04/01/2016', 50007);
INSERT INTO COMMENTS VALUES (60008, 30006, 'Omg, what are you doing?', '17/11/2015', 50009);
INSERT INTO COMMENTS VALUES (60009, 30001, 'Best joke ever:D', '18/02/2016', 50012);
INSERT INTO COMMENTS VALUES (60010, 30000, 'Another doooooowner:PP.', '17/12/2015', 50011);
INSERT INTO COMMENTS VALUES (60011, 30004, 'Oink-oink!', '24/11/2015', 50014);
INSERT INTO COMMENTS VALUES (60012, 30012, 'Gotta go there this way.', '16/11/2016', 50006);
